Timestamp,Source,Name,Phone,Email,Condition,URL,TeleCRM
"19/6/2026, 6:00:20 pm",Hernia-LP,testing1,7854120369,testing@gmail.com,hlo testing,http://localhost:3000/,Not configured
"23/6/2026, 12:11:23 pm",Hernia-LP,rajesh kumar,7859641230,testing@gmail.com,sfegrg,http://localhost:3001/,Not configured
"23/6/2026, 1:05:27 pm",Hernia-LP,testing2,7859641231,johnroserajesh@gmail.com,fefg,http://localhost:3001/,Not configured
"23/6/2026, 2:18:24 pm",Hernia Consultation Booking Form,Hernia-LP,testing1,7859641230,johnroserajesh@gmail.com,dfghjk,http://localhost:3001/,,lead_created,Not configured
"23/6/2026, 2:21:51 pm",Hernia Consultation Booking Form,Hernia-LP,rajesh kumar,1425367890,testing@gmail.com,fghjk,http://localhost:3001/,,lead_created,Not configured
"23/6/2026, 2:24:45 pm",Hernia Consultation Booking Form,Hernia-LP,pauls,7859641230,testing@gmail.com,dfghjk,http://localhost:3001/,,lead_created,Not configured
"23/6/2026, 3:06:25 pm",Hernia Consultation Booking Form,Hernia-LP,fenil,8425367890,johnroserajesh@gmail.com,fghjk,http://localhost:3001/,,lead_created,Not configured
"23/6/2026, 3:07:17 pm",Hernia Consultation Booking Form,Hernia-LP,fenil,8425367890,johnroserajesh@gmail.com,fghjk,http://localhost:3001/,order_T51dhhBxCMTjgP,payment_abandoned,Not configured
"23/6/2026, 3:22:57 pm",Hernia Consultation Booking Form,Hernia-LP,testing13,7854120369,johnroserajesh@gmail.com,weghjk,http://localhost:3001/,,lead_created,Not configured
"23/6/2026, 3:23:26 pm",Hernia Consultation Booking Form,Hernia-LP,testing13,7854120369,johnroserajesh@gmail.com,weghjk,http://localhost:3001/,order_T51vAfgUw9JmN1,failed,Not configured
"23/6/2026, 3:34:11 pm",Hernia Consultation Booking Form,Hernia-LP,testing13,7854120369,johnroserajesh@gmail.com,weghjk,http://localhost:3001/,,lead_created,Not configured
"23/6/2026, 3:34:22 pm",Hernia Consultation Booking Form,Hernia-LP,testing13,7854120369,johnroserajesh@gmail.com,weghjk,http://localhost:3001/,order_T5271rfE8G7Fbe,failed,Not configured
"23/6/2026, 3:37:53 pm",Hernia Consultation Booking Form,Hernia-LP,fenil,7854120369,johnroserajesh@gmail.com,jugyfyf,http://localhost:3001/,,lead_created,Not configured
